{"Encounter":{"BaseCaptureRate":0.2233112582781454,"BaseFleeRate":0.09470198675496692,"DodgeInterval":106.50331125827815,"AttackTimer":109.18543046357615},"Stats":{"BaseStamina":128.42384105960264,"BaseAttack":151.1523178807947,"BaseDefense":146.3708609271523},"AverageHeight":1.1947019867549677,"AverageWeight":45.95165562913907}